<?xml version="1.0" encoding="UTF-8"?>
<project-private xmlns="http://www.netbeans.org/ns/project-private/1">
    <editor-bookmarks xmlns="http://www.netbeans.org/ns/editor-bookmarks/2" lastBookmarkId="0"/>
    <open-files xmlns="http://www.netbeans.org/ns/projectui-open-files/2">
        <group>
            <file>file:/C:/Users/admin/Code/totest/resources/views/purchase/socials/list.blade.php</file>
            <file>file:/C:/Users/admin/Code/totest/app/Http/Controllers/Admin/Purchase/SocialController.php</file>
            <file>file:/C:/Users/admin/Code/totest/public/js/common.js</file>
            <file>file:/C:/Users/admin/Code/totest/app/Repositories/SocialRepository.php</file>
            <file>file:/C:/Users/admin/Code/totest/resources/views/acl/users/list.blade.php</file>
            <file>file:/C:/Users/admin/Code/totest/resources/views/acl/user.blade.php</file>
            <file>file:/C:/Users/admin/Code/totest/app/Http/Controllers/Admin/Acl/UserController.php</file>
            <file>file:/C:/Users/admin/Code/totest/routes/web.php</file>
            <file>file:/C:/Users/admin/Code/totest/resources/views/purchase/social.blade.php</file>
        </group>
    </open-files>
</project-private>
